,state,county,fips,SUMLEV,REGION,DIVISION,Population,pop2019_18plus,hosp_cap,Days to Hospital Capacity,Total Deaths,Total Deaths per 100k,14-Day Avg Daily Deaths,14-Day Avg Daily Deaths per 100k,deaths_trend,Total Cases,Total Cases per 100k,14-Day Avg Daily Cases,14-Day Avg Daily Cases per 100k,cases_trend,Positivity Rate,positivity_trend,Hospitalized,Hospitalized per 100k,hospconcur_trend,14-Day Avg Daily Hosp Admits,14-Day Avg Daily Hosp Admits per 100k,hospadmits_trend,Model Est'd Active Infections,Model Est'd Active Infections per 100k,Current Reproduction Rate (Rt),"Vaccine Hesitant, % of Adults",Daily Vaccines Initiated,"Vaccines Initiated, % of Pop.","Vaccine & Acquired Immunity, % of Pop.",Forecasted Date Herd Immunity Achieved,Hyp. Pre-Immunity Rt,Riskiest State Rank,State,hosp_temp
0,SD,South Dakota,46000,40,2,4,"884,659",667917.545,1252.0,"<span style=""color:transparent; font-size:0;"">121</span>120+<span style=""color: green""> ðŸŸ¢</span>","2,534",286,3.4â–¼,0.4â–¼,â–¼,"131,940","14,914",642.4â–²,"<span style=""color:transparent; font-size:0;"">00000072.6</span>72.6â–²",â–²,"<span style=""color:transparent; font-size:0;"">0000029.7%</span>29.7%â–²",â–²,344â–²,"<span style=""color:transparent; font-size:0;"">0000038.89</span>38.89â–²",â–²,64.00â–²,7.23â–²,â–²,"16,767","1,895","<span style=""color:transparent; font-size:0;"">001.27</span>1.27<span style=""color: red""> ðŸŸ¥</span>","<span style=""color:transparent; font-size:0;"">000000021%</span>21%","<span style=""color:transparent; font-size:0;"">0000000877</span>877","<span style=""color:transparent; font-size:0;"">000000072%</span>72%","<span style=""color:transparent; font-size:0;"">000000087%</span>87%","<span style=""color:transparent; font-size:0;"">220113</span>January 13, 2022",9.45,1,"<a href=""/forecasts/SD"" target=""_top"">South Dakota</a>",
1,UT,Utah,49000,40,4,8,"3,205,958",2276230.18,2585.0,"<span style=""color:transparent; font-size:0;"">121</span>120+<span style=""color: green""> ðŸŸ¢</span>","3,936",123,10.6â–²,0.3â–²,â–²,"777,084","24,239","4,342.9â–²","<span style=""color:transparent; font-size:0;"">00000135.5</span>135.5â–²",â–²,"<span style=""color:transparent; font-size:0;"">0000030.1%</span>30.1%â–²",â–²,688â–²,"<span style=""color:transparent; font-size:0;"">0000021.46</span>21.46â–²",â–²,107.00â–²,3.34â–²,â–²,"39,977","1,247","<span style=""color:transparent; font-size:0;"">001.35</span>1.35<span style=""color: red""> ðŸŸ¥</span>","<span style=""color:transparent; font-size:0;"">000000014%</span>14%","<span style=""color:transparent; font-size:0;"">000001,733</span>1,733","<span style=""color:transparent; font-size:0;"">000000068%</span>68%","<span style=""color:transparent; font-size:0;"">000000077%</span>77%","<span style=""color:transparent; font-size:0;"">220131</span>January 31, 2022",5.89,2,"<a href=""/forecasts/UT"" target=""_top"">Utah</a>",
2,ND,North Dakota,38000,40,2,4,"762,062",582215.368,860.0,"<span style=""color:transparent; font-size:0;"">121</span>120+<span style=""color: green""> ðŸŸ¢</span>","2,043",268,2.2â–¶,0.3â–¶,â–¶,"142,906","18,753",402.4â–²,"<span style=""color:transparent; font-size:0;"">00000052.8</span>52.8â–²",â–²,"<span style=""color:transparent; font-size:0;"">0000017.0%</span>17.0%â–²",â–²,251â–²,"<span style=""color:transparent; font-size:0;"">0000032.94</span>32.94â–²",â–²,40.07â–²,5.26â–²,â–²,"9,157","1,202","<span style=""color:transparent; font-size:0;"">001.29</span>1.29<span style=""color: red""> ðŸŸ¥</span>","<span style=""color:transparent; font-size:0;"">000000029%</span>29%","<span style=""color:transparent; font-size:0;"">0000000425</span>425","<span style=""color:transparent; font-size:0;"">000000063%</span>63%","<span style=""color:transparent; font-size:0;"">000000076%</span>76%","<span style=""color:transparent; font-size:0;"">220129</span>January 29, 2022",5.13,3,"<a href=""/forecasts/ND"" target=""_top"">North Dakota</a>",
3,HI,Hawaii,15000,40,4,9,"1,415,872",1115707.136,1002.0,"<span style=""color:transparent; font-size:0;"">-24</span>-24<span style=""color: red""> ðŸŸ¥</span>","1,099",78,1.8â–¶,0.1â–¶,â–¶,"120,390","8,503",914.9â–¶,"<span style=""color:transparent; font-size:0;"">00000064.6</span>64.6â–¶",â–¶,"<span style=""color:transparent; font-size:0;"">0000021.6%</span>21.6%â–²",â–²,345â–²,"<span style=""color:transparent; font-size:0;"">0000024.37</span>24.37â–²",â–²,67.86â–²,4.79â–²,â–²,"17,002","1,201","<span style=""color:transparent; font-size:0;"">001.09</span>1.09<span style=""color: #ffcc00""> â–¶</span>","<span style=""color:transparent; font-size:0;"">000000010%</span>10%","<span style=""color:transparent; font-size:0;"">0000000nan</span>nan","<span style=""color:transparent; font-size:0;"">000000nan%</span>nan%","<span style=""color:transparent; font-size:0;"">000000098%</span>98%","<span style=""color:transparent; font-size:0;"">220103</span>January 03, 2022",46.10,4,"<a href=""/forecasts/HI"" target=""_top"">Hawaii</a>",-24.0
4,NV,Nevada,32000,40,4,8,"3,080,156",2387120.9,3048.0,"<span style=""color:transparent; font-size:0;"">121</span>120+<span style=""color: green""> ðŸŸ¢</span>","8,584",279,11.7â–¶,0.4â–¶,â–¶,"700,038","22,727","3,849.1â–²","<span style=""color:transparent; font-size:0;"">00000125.0</span>125.0â–²",â–²,"<span style=""color:transparent; font-size:0;"">0000038.0%</span>38.0%â–²",â–²,"1,606â–²","<span style=""color:transparent; font-size:0;"">0000052.14</span>52.14â–²",â–²,294.43â–²,9.56â–²,â–²,"35,564","1,155","<span style=""color:transparent; font-size:0;"">001.19</span>1.19<span style=""color: red""> ðŸŸ¥</span>","<span style=""color:transparent; font-size:0;"">000000019%</span>19%","<span style=""color:transparent; font-size:0;"">000003,500</span>3,500","<span style=""color:transparent; font-size:0;"">000000071%</span>71%","<span style=""color:transparent; font-size:0;"">000000078%</span>78%","<span style=""color:transparent; font-size:0;"">220131</span>January 31, 2022",5.22,5,"<a href=""/forecasts/NV"" target=""_top"">Nevada</a>",
5,DE,Delaware,10000,40,3,5,"973,764",770247.3239999999,1477.0,"<span style=""color:transparent; font-size:0;"">121</span>120+<span style=""color: green""> ðŸŸ¢</span>","2,377",244,6.5â–²,0.7â–²,â–²,"231,394","23,763","1,773.5â–²","<span style=""color:transparent; font-size:0;"">00000182.1</span>182.1â–²",â–²,"<span style=""color:transparent; font-size:0;"">0000028.8%</span>28.8%â–²",â–²,816â–²,"<span style=""color:transparent; font-size:0;"">0000083.80</span>83.80â–²",â–²,127.21â–²,13.06â–²,â–²,"11,126","1,143","<span style=""color:transparent; font-size:0;"">001.06</span>1.06<span style=""color: #ffcc00""> â–¶</span>","<span style=""color:transparent; font-size:0;"">000000013%</span>13%","<span style=""color:transparent; font-size:0;"">0000000969</span>969","<span style=""color:transparent; font-size:0;"">000000078%</span>78%","<span style=""color:transparent; font-size:0;"">000000085%</span>85%","<span style=""color:transparent; font-size:0;"">220111</span>January 11, 2022",6.90,6,"<a href=""/forecasts/DE"" target=""_top"">Delaware</a>",
6,MI,Michigan,26000,40,2,3,"9,986,857",7839682.745,9377.0,"<span style=""color:transparent; font-size:0;"">121</span>120+<span style=""color: green""> ðŸŸ¢</span>","30,412",305,99.5â–¼,1.0â–¼,â–¼,"2,083,137","20,859","14,896.2â–²","<span style=""color:transparent; font-size:0;"">00000149.2</span>149.2â–²",â–²,"<span style=""color:transparent; font-size:0;"">0000031.6%</span>31.6%â–²",â–²,"4,868â–²","<span style=""color:transparent; font-size:0;"">0000048.74</span>48.74â–²",â–²,620.36â–²,6.21â–²,â–²,"112,096","1,122","<span style=""color:transparent; font-size:0;"">001.08</span>1.08<span style=""color: #ffcc00""> â–¶</span>","<span style=""color:transparent; font-size:0;"">000000019%</span>19%","<span style=""color:transparent; font-size:0;"">000006,444</span>6,444","<span style=""color:transparent; font-size:0;"">000000064%</span>64%","<span style=""color:transparent; font-size:0;"">000000075%</span>75%","<span style=""color:transparent; font-size:0;"">220123</span>January 23, 2022",4.22,7,"<a href=""/forecasts/MI"" target=""_top"">Michigan</a>",
7,AZ,Arizona,04000,40,4,8,"7,278,717",5641005.675,7544.0,"<span style=""color:transparent; font-size:0;"">121</span>120+<span style=""color: green""> ðŸŸ¢</span>","24,992",343,55.7â–¼,0.8â–¼,â–¼,"1,519,128","20,871","7,970.8â–²","<span style=""color:transparent; font-size:0;"">00000109.5</span>109.5â–²",â–²,"<span style=""color:transparent; font-size:0;"">0000029.1%</span>29.1%â–²",â–²,"3,196â–²","<span style=""color:transparent; font-size:0;"">0000043.91</span>43.91â–²",â–²,518.29â–²,7.12â–²,â–²,"80,925","1,112","<span style=""color:transparent; font-size:0;"">001.27</span>1.27<span style=""color: red""> ðŸŸ¥</span>","<span style=""color:transparent; font-size:0;"">000000018%</span>18%","<span style=""color:transparent; font-size:0;"">000007,070</span>7,070","<span style=""color:transparent; font-size:0;"">000000068%</span>68%","<span style=""color:transparent; font-size:0;"">000000076%</span>76%","<span style=""color:transparent; font-size:0;"">220131</span>January 31, 2022",5.11,8,"<a href=""/forecasts/AZ"" target=""_top"">Arizona</a>",
8,NY,New York,36000,40,1,2,"19,453,561",15426673.873,25219.0,"<span style=""color:transparent; font-size:0;"">121</span>120+<span style=""color: green""> ðŸŸ¢</span>","60,794",313,131.2â–²,0.7â–²,â–²,"4,481,848","23,039","48,850.6â–²","<span style=""color:transparent; font-size:0;"">00000251.1</span>251.1â–²",â–²,"<span style=""color:transparent; font-size:0;"">0000030.0%</span>30.0%â–²",â–²,"13,475â–²","<span style=""color:transparent; font-size:0;"">0000069.27</span>69.27â–²",â–²,"1,878.29â–²",9.66â–²,â–²,"215,267","1,107","<span style=""color:transparent; font-size:0;"">000.97</span>0.97<span style=""color: green""> ðŸŸ¢</span>","<span style=""color:transparent; font-size:0;"">000000013%</span>13%","<span style=""color:transparent; font-size:0;"">000025,962</span>25,962","<span style=""color:transparent; font-size:0;"">000000086%</span>86%","<span style=""color:transparent; font-size:0;"">000000085%</span>85%","<span style=""color:transparent; font-size:0;"">220114</span>January 14, 2022",6.04,9,"<a href=""/forecasts/NY"" target=""_top"">New York</a>",
9,IN,Indiana,18000,40,2,3,"6,732,219",5163611.973,9623.0,"<span style=""color:transparent; font-size:0;"">121</span>120+<span style=""color: green""> ðŸŸ¢</span>","20,035",298,71.3â–²,1.1â–²,â–²,"1,395,451","20,728","6,474.4â–²","<span style=""color:transparent; font-size:0;"">00000096.2</span>96.2â–²",â–²,"<span style=""color:transparent; font-size:0;"">0000032.5%</span>32.5%â–²",â–²,"3,399â–²","<span style=""color:transparent; font-size:0;"">0000050.49</span>50.49â–²",â–²,575.21â–²,8.54â–²,â–²,"73,641","1,094","<span style=""color:transparent; font-size:0;"">001.13</span>1.13<span style=""color: red""> ðŸŸ¥</span>","<span style=""color:transparent; font-size:0;"">000000018%</span>18%","<span style=""color:transparent; font-size:0;"">000005,262</span>5,262","<span style=""color:transparent; font-size:0;"">000000059%</span>59%","<span style=""color:transparent; font-size:0;"">000000069%</span>69%","<span style=""color:transparent; font-size:0;"">220126</span>January 26, 2022",3.67,10,"<a href=""/forecasts/IN"" target=""_top"">Indiana</a>",
10,MS,Mississippi,28000,40,3,6,"2,976,149",2276753.985,3840.0,"<span style=""color:transparent; font-size:0;"">121</span>120+<span style=""color: green""> ðŸŸ¢</span>","10,589",356,9.9â–²,0.3â–²,â–²,"327,049","10,989","3,376.6â–²","<span style=""color:transparent; font-size:0;"">00000113.5</span>113.5â–²",â–²,"<span style=""color:transparent; font-size:0;"">0000043.0%</span>43.0%â–²",â–²,"1,342â–²","<span style=""color:transparent; font-size:0;"">0000045.09</span>45.09â–²",â–²,190.64â–²,6.41â–²,â–²,"31,774","1,068","<span style=""color:transparent; font-size:0;"">001.17</span>1.17<span style=""color: red""> ðŸŸ¥</span>","<span style=""color:transparent; font-size:0;"">000000027%</span>27%","<span style=""color:transparent; font-size:0;"">0000000912</span>912","<span style=""color:transparent; font-size:0;"">000000056%</span>56%","<span style=""color:transparent; font-size:0;"">000000067%</span>67%","Not Achieved. More vaccinations needed.<span style=""color: red""> ðŸŸ¥</span>",3.40,11,"<a href=""/forecasts/MS"" target=""_top"">Mississippi</a>",
11,RI,Rhode Island,44000,40,1,1,"1,059,361",854904.327,700.0,"<span style=""color:transparent; font-size:0;"">015</span>15<span style=""color: red""> ðŸŸ¥</span>","3,151",297,5.7â–¶,0.5â–¶,â–¶,"293,101","27,668","2,051.7â–²","<span style=""color:transparent; font-size:0;"">00000193.7</span>193.7â–²",â–²,"<span style=""color:transparent; font-size:0;"">0000016.7%</span>16.7%â–²",â–²,502â–²,"<span style=""color:transparent; font-size:0;"">0000047.39</span>47.39â–²",â–²,75.21â–²,7.10â–²,â–²,"10,986","1,037","<span style=""color:transparent; font-size:0;"">001.25</span>1.25<span style=""color: red""> ðŸŸ¥</span>","<span style=""color:transparent; font-size:0;"">000000013%</span>13%","<span style=""color:transparent; font-size:0;"">000002,075</span>2,075","<span style=""color:transparent; font-size:0;"">000000091%</span>91%","<span style=""color:transparent; font-size:0;"">000000089%</span>89%","<span style=""color:transparent; font-size:0;"">220115</span>January 15, 2022",10.08,12,"<a href=""/forecasts/RI"" target=""_top"">Rhode Island</a>",15.0
12,CO,Colorado,08000,40,4,8,"5,758,736",4497572.816,4769.0,"<span style=""color:transparent; font-size:0;"">121</span>120+<span style=""color: green""> ðŸŸ¢</span>","10,552",183,22.3â–¼,0.4â–¼,â–¼,"1,114,055","19,345","10,629.4â–²","<span style=""color:transparent; font-size:0;"">00000184.6</span>184.6â–²",â–²,"<span style=""color:transparent; font-size:0;"">0000026.9%</span>26.9%â–²",â–²,"1,675â–²","<span style=""color:transparent; font-size:0;"">0000029.09</span>29.09â–²",â–²,433.07â–²,7.52â–²,â–²,"59,027","1,025","<span style=""color:transparent; font-size:0;"">001.17</span>1.17<span style=""color: red""> ðŸŸ¥</span>","<span style=""color:transparent; font-size:0;"">000000015%</span>15%","<span style=""color:transparent; font-size:0;"">000004,052</span>4,052","<span style=""color:transparent; font-size:0;"">000000075%</span>75%","<span style=""color:transparent; font-size:0;"">000000081%</span>81%","<span style=""color:transparent; font-size:0;"">220122</span>January 22, 2022",5.87,13,"<a href=""/forecasts/CO"" target=""_top"">Colorado</a>",
13,MO,Missouri,29000,40,2,4,"6,137,428",4768781.556,6051.0,"<span style=""color:transparent; font-size:0;"">121</span>120+<span style=""color: green""> ðŸŸ¢</span>","16,576",270,35.9â–²,0.6â–²,â–²,"1,208,162","19,685","7,685.6â–²","<span style=""color:transparent; font-size:0;"">00000125.2</span>125.2â–²",â–²,"<span style=""color:transparent; font-size:0;"">0000030.8%</span>30.8%â–²",â–²,"3,718â–²","<span style=""color:transparent; font-size:0;"">0000060.58</span>60.58â–²",â–²,569.43â–²,9.28â–²,â–²,"61,142",996,"<span style=""color:transparent; font-size:0;"">001.11</span>1.11<span style=""color: red""> ðŸŸ¥</span>","<span style=""color:transparent; font-size:0;"">000000015%</span>15%","<span style=""color:transparent; font-size:0;"">000004,970</span>4,970","<span style=""color:transparent; font-size:0;"">000000063%</span>63%","<span style=""color:transparent; font-size:0;"">000000073%</span>73%","<span style=""color:transparent; font-size:0;"">220127</span>January 27, 2022",4.08,14,"<a href=""/forecasts/MO"" target=""_top"">Missouri</a>",
14,PA,Pennsylvania,42000,40,1,2,"12,801,989",10164779.266,12843.0,"<span style=""color:transparent; font-size:0;"">121</span>120+<span style=""color: green""> ðŸŸ¢</span>","38,103",298,104.6â–¼,0.8â–¼,â–¼,"2,219,779","17,339","15,293.8â–²","<span style=""color:transparent; font-size:0;"">00000119.5</span>119.5â–²",â–²,"<span style=""color:transparent; font-size:0;"">0000033.1%</span>33.1%â–²",â–²,"8,181â–²","<span style=""color:transparent; font-size:0;"">0000063.90</span>63.90â–²",â–²,"1,343.29â–²",10.49â–²,â–²,"125,976",984,"<span style=""color:transparent; font-size:0;"">001.08</span>1.08<span style=""color: #ffcc00""> â–¶</span>","<span style=""color:transparent; font-size:0;"">000000015%</span>15%","<span style=""color:transparent; font-size:0;"">000019,325</span>19,325","<span style=""color:transparent; font-size:0;"">000000080%</span>80%","<span style=""color:transparent; font-size:0;"">000000087%</span>87%","<span style=""color:transparent; font-size:0;"">220112</span>January 12, 2022",7.76,15,"<a href=""/forecasts/PA"" target=""_top"">Pennsylvania</a>",
15,KS,Kansas,20000,40,2,4,"2,913,314",2214118.64,4431.0,"<span style=""color:transparent; font-size:0;"">121</span>120+<span style=""color: green""> ðŸŸ¢</span>","7,141",245,10.0â–²,0.3â–²,â–²,"509,660","17,494","3,014.6â–²","<span style=""color:transparent; font-size:0;"">00000103.5</span>103.5â–²",â–²,"<span style=""color:transparent; font-size:0;"">0000028.5%</span>28.5%â–²",â–²,"1,253â–²","<span style=""color:transparent; font-size:0;"">0000043.01</span>43.01â–²",â–²,239.07â–²,8.21â–²,â–²,"27,644",949,"<span style=""color:transparent; font-size:0;"">001.22</span>1.22<span style=""color: red""> ðŸŸ¥</span>","<span style=""color:transparent; font-size:0;"">000000019%</span>19%","<span style=""color:transparent; font-size:0;"">000002,693</span>2,693","<span style=""color:transparent; font-size:0;"">000000070%</span>70%","<span style=""color:transparent; font-size:0;"">000000079%</span>79%","<span style=""color:transparent; font-size:0;"">220127</span>January 27, 2022",5.56,16,"<a href=""/forecasts/KS"" target=""_top"">Kansas</a>",
16,AR,Arkansas,05000,40,3,7,"3,017,804",2317673.472,3144.0,"<span style=""color:transparent; font-size:0;"">121</span>120+<span style=""color: green""> ðŸŸ¢</span>","9,372",311,17.2â–²,0.6â–²,â–²,"388,386","12,870","2,723.4â–²","<span style=""color:transparent; font-size:0;"">00000090.2</span>90.2â–²",â–²,"<span style=""color:transparent; font-size:0;"">0000027.7%</span>27.7%â–²",â–²,"1,197â–²","<span style=""color:transparent; font-size:0;"">0000039.66</span>39.66â–²",â–²,261.93â–²,8.68â–²,â–²,"28,537",946,"<span style=""color:transparent; font-size:0;"">001.24</span>1.24<span style=""color: red""> ðŸŸ¥</span>","<span style=""color:transparent; font-size:0;"">000000021%</span>21%","<span style=""color:transparent; font-size:0;"">000002,302</span>2,302","<span style=""color:transparent; font-size:0;"">000000064%</span>64%","<span style=""color:transparent; font-size:0;"">000000070%</span>70%","<span style=""color:transparent; font-size:0;"">220213</span>February 13, 2022",4.05,17,"<a href=""/forecasts/AR"" target=""_top"">Arkansas</a>",
17,NE,Nebraska,31000,40,2,4,"1,934,408",1458543.6320000002,1975.0,"<span style=""color:transparent; font-size:0;"">121</span>120+<span style=""color: green""> ðŸŸ¢</span>","3,527",182,13.3â–²,0.7â–²,â–²,"332,929","17,211",911.3â–²,"<span style=""color:transparent; font-size:0;"">00000047.1</span>47.1â–²",â–²,"<span style=""color:transparent; font-size:0;"">0000033.4%</span>33.4%â–²",â–²,705â–²,"<span style=""color:transparent; font-size:0;"">0000036.45</span>36.45â–²",â–²,101.21â–²,5.23â–²,â–²,"17,862",923,"<span style=""color:transparent; font-size:0;"">001.32</span>1.32<span style=""color: red""> ðŸŸ¥</span>","<span style=""color:transparent; font-size:0;"">000000018%</span>18%","<span style=""color:transparent; font-size:0;"">000001,237</span>1,237","<span style=""color:transparent; font-size:0;"">000000067%</span>67%","<span style=""color:transparent; font-size:0;"">000000074%</span>74%","<span style=""color:transparent; font-size:0;"">220206</span>February 06, 2022",5.03,18,"<a href=""/forecasts/NE"" target=""_top"">Nebraska</a>",
18,IL,Illinois,17000,40,2,3,"12,671,821",9858676.738,14995.0,"<span style=""color:transparent; font-size:0;"">121</span>120+<span style=""color: green""> ðŸŸ¢</span>","32,187",254,83.6â–²,0.7â–²,â–²,"2,364,777","18,662","18,390.2â–²","<span style=""color:transparent; font-size:0;"">00000145.1</span>145.1â–²",â–²,"<span style=""color:transparent; font-size:0;"">0000019.1%</span>19.1%â–²",â–²,"7,323â–²","<span style=""color:transparent; font-size:0;"">0000057.79</span>57.79â–²",â–²,"1,159.71â–²",9.15â–²,â–²,"115,227",909,"<span style=""color:transparent; font-size:0;"">001.02</span>1.02<span style=""color: #ffcc00""> â–¶</span>","<span style=""color:transparent; font-size:0;"">000000015%</span>15%","<span style=""color:transparent; font-size:0;"">000016,807</span>16,807","<span style=""color:transparent; font-size:0;"">000000074%</span>74%","<span style=""color:transparent; font-size:0;"">000000078%</span>78%","<span style=""color:transparent; font-size:0;"">220117</span>January 17, 2022",4.51,19,"<a href=""/forecasts/IL"" target=""_top"">Illinois</a>",
19,IA,Iowa,19000,40,2,4,"3,155,070",2429403.9,3735.0,"<span style=""color:transparent; font-size:0;"">121</span>120+<span style=""color: green""> ðŸŸ¢</span>","8,201",260,24.5â–²,0.8â–²,â–²,"603,044","19,113","2,563.7â–²","<span style=""color:transparent; font-size:0;"">00000081.3</span>81.3â–²",â–²,"<span style=""color:transparent; font-size:0;"">0000026.7%</span>26.7%â–²",â–²,979â–²,"<span style=""color:transparent; font-size:0;"">0000031.03</span>31.03â–²",â–²,178.36â–²,5.65â–²,â–²,"28,227",895,"<span style=""color:transparent; font-size:0;"">001.29</span>1.29<span style=""color: red""> ðŸŸ¥</span>","<span style=""color:transparent; font-size:0;"">000000020%</span>20%","<span style=""color:transparent; font-size:0;"">000001,802</span>1,802","<span style=""color:transparent; font-size:0;"">000000066%</span>66%","<span style=""color:transparent; font-size:0;"">000000074%</span>74%","<span style=""color:transparent; font-size:0;"">220208</span>February 08, 2022",4.94,20,"<a href=""/forecasts/IA"" target=""_top"">Iowa</a>",
20,AK,Alaska,02000,40,4,9,"731,545",551584.93,583.0,"<span style=""color:transparent; font-size:0;"">121</span>120+<span style=""color: green""> ðŸŸ¢</span>",953,130,0.4â–¼,0.1â–¼,â–¼,"156,615","21,409",131.6â–²,"<span style=""color:transparent; font-size:0;"">00000018.0</span>18.0â–²",â–²,"<span style=""color:transparent; font-size:0;"">0000015.9%</span>15.9%â–²",â–²,117â–²,"<span style=""color:transparent; font-size:0;"">0000015.99</span>15.99â–²",â–²,15.79â–²,2.16â–²,â–²,"6,460",883,"<span style=""color:transparent; font-size:0;"">001.45</span>1.45<span style=""color: red""> ðŸŸ¥</span>","<span style=""color:transparent; font-size:0;"">000000020%</span>20%","<span style=""color:transparent; font-size:0;"">0000000412</span>412","<span style=""color:transparent; font-size:0;"">000000066%</span>66%","<span style=""color:transparent; font-size:0;"">000000080%</span>80%","<span style=""color:transparent; font-size:0;"">220208</span>February 08, 2022",7.42,21,"<a href=""/forecasts/AK"" target=""_top"">Alaska</a>",
21,SC,South Carolina,45000,40,3,5,"5,148,714",4036591.776,3881.0,"<span style=""color:transparent; font-size:0;"">121</span>120+<span style=""color: green""> ðŸŸ¢</span>","14,849",288,16.4â–²,0.3â–²,â–²,"1,106,205","21,485","5,894.3â–²","<span style=""color:transparent; font-size:0;"">00000114.5</span>114.5â–²",â–²,"<span style=""color:transparent; font-size:0;"">0000028.9%</span>28.9%â–²",â–²,"2,133â–²","<span style=""color:transparent; font-size:0;"">0000041.43</span>41.43â–²",â–²,350.00â–²,6.80â–²,â–²,"44,897",872,"<span style=""color:transparent; font-size:0;"">001.17</span>1.17<span style=""color: red""> ðŸŸ¥</span>","<span style=""color:transparent; font-size:0;"">000000018%</span>18%","<span style=""color:transparent; font-size:0;"">000004,869</span>4,869","<span style=""color:transparent; font-size:0;"">000000064%</span>64%","<span style=""color:transparent; font-size:0;"">000000071%</span>71%","<span style=""color:transparent; font-size:0;"">220308</span>March 08, 2022",3.90,22,"<a href=""/forecasts/SC"" target=""_top"">South Carolina</a>",
22,DC,District of Columbia,11000,40,3,5,"705,749",577302.6819999999,1525.0,"<span style=""color:transparent; font-size:0;"">121</span>120+<span style=""color: green""> ðŸŸ¢</span>","1,240",176,2.1â–²,0.3â–²,â–²,"179,664","25,457","2,252.4â–¼","<span style=""color:transparent; font-size:0;"">00000319.2</span>319.2â–¼",â–¼,"<span style=""color:transparent; font-size:0;"">0000025.4%</span>25.4%â–²",â–²,947â–²,"<span style=""color:transparent; font-size:0;"">0000134.18</span>134.18â–²",â–²,131.79â–²,18.67â–²,â–²,"6,132",869,"<span style=""color:transparent; font-size:0;"">000.82</span>0.82<span style=""color: green""> ðŸŸ¢</span>","<span style=""color:transparent; font-size:0;"">000000010%</span>10%","<span style=""color:transparent; font-size:0;"">0000000nan</span>nan","<span style=""color:transparent; font-size:0;"">000000nan%</span>nan%","<span style=""color:transparent; font-size:0;"">000000080%</span>80%","Not Achieved. More vaccinations needed.<span style=""color: red""> ðŸŸ¥</span>",4.15,23,"<a href=""/forecasts/DC"" target=""_top"">District of Columbia</a>",
23,WI,Wisconsin,55000,40,2,3,"5,822,434",4553143.388,6396.0,"<span style=""color:transparent; font-size:0;"">121</span>120+<span style=""color: green""> ðŸŸ¢</span>","11,559",199,29.1â–¼,0.5â–¼,â–¼,"1,292,018","22,190","8,580.9â–²","<span style=""color:transparent; font-size:0;"">00000147.4</span>147.4â–²",â–²,"<span style=""color:transparent; font-size:0;"">0000028.1%</span>28.1%â–²",â–²,"2,515â–²","<span style=""color:transparent; font-size:0;"">0000043.19</span>43.19â–²",â–²,420.64â–²,7.22â–²,â–²,"48,045",825,"<span style=""color:transparent; font-size:0;"">001.13</span>1.13<span style=""color: red""> ðŸŸ¥</span>","<span style=""color:transparent; font-size:0;"">000000017%</span>17%","<span style=""color:transparent; font-size:0;"">000004,448</span>4,448","<span style=""color:transparent; font-size:0;"">000000069%</span>69%","<span style=""color:transparent; font-size:0;"">000000075%</span>75%","<span style=""color:transparent; font-size:0;"">220128</span>January 28, 2022",4.60,24,"<a href=""/forecasts/WI"" target=""_top"">Wisconsin</a>",
24,NM,New Mexico,35000,40,4,8,"2,096,829",1620848.8169999998,1665.0,"<span style=""color:transparent; font-size:0;"">121</span>120+<span style=""color: green""> ðŸŸ¢</span>","6,073",290,15.6â–¼,0.7â–¼,â–¼,"647,923","30,900","1,419.9â–¼","<span style=""color:transparent; font-size:0;"">00000067.7</span>67.7â–¼",â–¼,"<span style=""color:transparent; font-size:0;"">0000020.8%</span>20.8%â–¶",â–¶,661â–¶,"<span style=""color:transparent; font-size:0;"">0000031.52</span>31.52â–¶",â–¶,101.29â–²,4.83â–²,â–²,"17,163",819,"<span style=""color:transparent; font-size:0;"">001.21</span>1.21<span style=""color: red""> ðŸŸ¥</span>","<span style=""color:transparent; font-size:0;"">000000015%</span>15%","<span style=""color:transparent; font-size:0;"">000002,458</span>2,458","<span style=""color:transparent; font-size:0;"">000000082%</span>82%","<span style=""color:transparent; font-size:0;"">000000086%</span>86%","<span style=""color:transparent; font-size:0;"">220118</span>January 18, 2022",8.17,25,"<a href=""/forecasts/NM"" target=""_top"">New Mexico</a>",
25,MA,Massachusetts,25000,40,1,1,"6,892,503",5541572.4120000005,5664.0,"<span style=""color:transparent; font-size:0;"">121</span>120+<span style=""color: green""> ðŸŸ¢</span>","20,835",302,43.9â–²,0.6â–²,â–²,"1,399,792","20,309","12,804.2â–²","<span style=""color:transparent; font-size:0;"">00000185.8</span>185.8â–²",â–²,"<span style=""color:transparent; font-size:0;"">0000021.8%</span>21.8%â–²",â–²,"3,137â–²","<span style=""color:transparent; font-size:0;"">0000045.51</span>45.51â–²",â–²,463.57â–²,6.73â–²,â–²,"54,035",784,"<span style=""color:transparent; font-size:0;"">001.11</span>1.11<span style=""color: red""> ðŸŸ¥</span>","<span style=""color:transparent; font-size:0;"">000000007%</span>7%","<span style=""color:transparent; font-size:0;"">000010,595</span>10,595","<span style=""color:transparent; font-size:0;"">000000092%</span>92%","<span style=""color:transparent; font-size:0;"">000000086%</span>86%","<span style=""color:transparent; font-size:0;"">220116</span>January 16, 2022",7.51,26,"<a href=""/forecasts/MA"" target=""_top"">Massachusetts</a>",
26,CT,Connecticut,09000,40,1,1,"3,565,287",2837968.452,3555.0,"<span style=""color:transparent; font-size:0;"">121</span>120+<span style=""color: green""> ðŸŸ¢</span>","9,442",265,20.1â–²,0.6â–²,â–²,"736,850","20,667","5,929.0â–²","<span style=""color:transparent; font-size:0;"">00000166.3</span>166.3â–²",â–²,"<span style=""color:transparent; font-size:0;"">0000028.4%</span>28.4%â–²",â–²,"2,052â–²","<span style=""color:transparent; font-size:0;"">0000057.55</span>57.55â–²",â–²,300.14â–²,8.42â–²,â–²,"27,092",760,"<span style=""color:transparent; font-size:0;"">001.09</span>1.09<span style=""color: #ffcc00""> â–¶</span>","<span style=""color:transparent; font-size:0;"">000000010%</span>10%","<span style=""color:transparent; font-size:0;"">000005,162</span>5,162","<span style=""color:transparent; font-size:0;"">000000090%</span>90%","<span style=""color:transparent; font-size:0;"">000000085%</span>85%","<span style=""color:transparent; font-size:0;"">220201</span>February 01, 2022",6.88,27,"<a href=""/forecasts/CT"" target=""_top"">Connecticut</a>",
27,NC,North Carolina,37000,40,3,5,"10,488,084",8191193.603999999,9196.0,"<span style=""color:transparent; font-size:0;"">034</span>34<span style=""color: #ffcc00""> â–¶</span>","19,763",188,14.6â–¼,0.1â–¼,â–¼,"1,865,092","17,783","13,837.6â–²","<span style=""color:transparent; font-size:0;"">00000131.9</span>131.9â–²",â–²,"<span style=""color:transparent; font-size:0;"">0000028.8%</span>28.8%â–²",â–²,"4,537â–²","<span style=""color:transparent; font-size:0;"">0000043.26</span>43.26â–²",â–²,717.79â–²,6.84â–²,â–²,"78,808",751,"<span style=""color:transparent; font-size:0;"">001.17</span>1.17<span style=""color: red""> ðŸŸ¥</span>","<span style=""color:transparent; font-size:0;"">000000018%</span>18%","<span style=""color:transparent; font-size:0;"">0000000nan</span>nan","<span style=""color:transparent; font-size:0;"">000000nan%</span>nan%","<span style=""color:transparent; font-size:0;"">000000069%</span>69%","<span style=""color:transparent; font-size:0;"">220225</span>February 25, 2022",3.81,28,"<a href=""/forecasts/NC"" target=""_top"">North Carolina</a>",34.0
28,FL,Florida,12000,40,3,5,"21,477,737",17246622.811,19317.0,"<span style=""color:transparent; font-size:0;"">121</span>120+<span style=""color: green""> ðŸŸ¢</span>","63,081",294,20.2â–¶,0.1â–¶,â–¶,"5,492,586","25,573","35,773.1â–¼","<span style=""color:transparent; font-size:0;"">00000166.6</span>166.6â–¼",â–¼,"<span style=""color:transparent; font-size:0;"">0000034.3%</span>34.3%â–²",â–²,"11,595â–²","<span style=""color:transparent; font-size:0;"">0000053.99</span>53.99â–²",â–²,"2,212.64â–²",10.30â–²,â–²,"159,671",743,"<span style=""color:transparent; font-size:0;"">001.02</span>1.02<span style=""color: #ffcc00""> â–¶</span>","<span style=""color:transparent; font-size:0;"">000000020%</span>20%","<span style=""color:transparent; font-size:0;"">000018,520</span>18,520","<span style=""color:transparent; font-size:0;"">000000076%</span>76%","<span style=""color:transparent; font-size:0;"">000000082%</span>82%","Not Achieved. More vaccinations needed.<span style=""color: red""> ðŸŸ¥</span>",5.36,29,"<a href=""/forecasts/FL"" target=""_top"">Florida</a>",
29,MN,Minnesota,27000,40,2,4,"5,639,632",4336877.008,3687.0,"<span style=""color:transparent; font-size:0;"">121</span>120+<span style=""color: green""> ðŸŸ¢</span>","11,027",196,26.5â–¼,0.5â–¼,â–¼,"1,585,697","28,117","7,326.7â–²","<span style=""color:transparent; font-size:0;"">00000129.9</span>129.9â–²",â–²,"<span style=""color:transparent; font-size:0;"">0000023.0%</span>23.0%â–²",â–²,"1,748â–²","<span style=""color:transparent; font-size:0;"">0000030.99</span>30.99â–²",â–²,223.57â–²,3.96â–²,â–²,"41,833",742,"<span style=""color:transparent; font-size:0;"">001.19</span>1.19<span style=""color: red""> ðŸŸ¥</span>","<span style=""color:transparent; font-size:0;"">000000011%</span>11%","<span style=""color:transparent; font-size:0;"">000003,817</span>3,817","<span style=""color:transparent; font-size:0;"">000000072%</span>72%","<span style=""color:transparent; font-size:0;"">000000077%</span>77%","<span style=""color:transparent; font-size:0;"">220201</span>February 01, 2022",5.20,30,"<a href=""/forecasts/MN"" target=""_top"">Minnesota</a>",
30,OR,Oregon,41000,40,4,9,"4,217,737",3353100.915,2472.0,"<span style=""color:transparent; font-size:0;"">121</span>120+<span style=""color: green""> ðŸŸ¢</span>","5,845",139,13.6â–²,0.3â–²,â–²,"423,468","10,040","3,412.7â–²","<span style=""color:transparent; font-size:0;"">00000080.9</span>80.9â–²",â–²,"<span style=""color:transparent; font-size:0;"">0000019.1%</span>19.1%â–²",â–²,852â–²,"<span style=""color:transparent; font-size:0;"">0000020.20</span>20.20â–²",â–²,160.21â–²,3.80â–²,â–²,"30,983",735,"<span style=""color:transparent; font-size:0;"">001.28</span>1.28<span style=""color: red""> ðŸŸ¥</span>","<span style=""color:transparent; font-size:0;"">000000015%</span>15%","<span style=""color:transparent; font-size:0;"">000003,083</span>3,083","<span style=""color:transparent; font-size:0;"">000000075%</span>75%","<span style=""color:transparent; font-size:0;"">000000079%</span>79%","<span style=""color:transparent; font-size:0;"">220206</span>February 06, 2022",5.92,31,"<a href=""/forecasts/OR"" target=""_top"">Oregon</a>",
31,TN,Tennessee,47000,40,3,6,"6,829,174",5319926.546,8501.0,"<span style=""color:transparent; font-size:0;"">121</span>120+<span style=""color: green""> ðŸŸ¢</span>","21,235",311,27.4â–¼,0.4â–¼,â–¼,"1,144,947","16,766","1,916.6â–²","<span style=""color:transparent; font-size:0;"">00000028.1</span>28.1â–²",â–²,"<span style=""color:transparent; font-size:0;"">0000038.1%</span>38.1%â–²",â–²,"3,203â–²","<span style=""color:transparent; font-size:0;"">0000046.90</span>46.90â–²",â–²,418.79â–²,6.13â–²,â–²,"49,253",721,"<span style=""color:transparent; font-size:0;"">001.02</span>1.02<span style=""color: #ffcc00""> â–¶</span>","<span style=""color:transparent; font-size:0;"">000000024%</span>24%","<span style=""color:transparent; font-size:0;"">000003,464</span>3,464","<span style=""color:transparent; font-size:0;"">000000059%</span>59%","<span style=""color:transparent; font-size:0;"">000000072%</span>72%","<span style=""color:transparent; font-size:0;"">220420</span>April 20, 2022",3.58,32,"<a href=""/forecasts/TN"" target=""_top"">Tennessee</a>",
32,KY,Kentucky,21000,40,3,6,"4,467,673",3466914.2479999997,7116.0,"<span style=""color:transparent; font-size:0;"">121</span>120+<span style=""color: green""> ðŸŸ¢</span>","12,455",279,14.4â–²,0.3â–²,â–²,"891,557","19,956","3,994.6â–²","<span style=""color:transparent; font-size:0;"">00000089.4</span>89.4â–²",â–²,"<span style=""color:transparent; font-size:0;"">0000025.9%</span>25.9%â–²",â–²,"2,323â–²","<span style=""color:transparent; font-size:0;"">0000052.00</span>52.00â–²",â–²,436.86â–²,9.78â–²,â–²,"32,174",720,"<span style=""color:transparent; font-size:0;"">001.11</span>1.11<span style=""color: red""> ðŸŸ¥</span>","<span style=""color:transparent; font-size:0;"">000000019%</span>19%","<span style=""color:transparent; font-size:0;"">000002,750</span>2,750","<span style=""color:transparent; font-size:0;"">000000063%</span>63%","<span style=""color:transparent; font-size:0;"">000000074%</span>74%","<span style=""color:transparent; font-size:0;"">220208</span>February 08, 2022",4.23,33,"<a href=""/forecasts/KY"" target=""_top"">Kentucky</a>",
33,GA,Georgia,13000,40,3,5,"10,617,423",8111711.172,8767.0,"<span style=""color:transparent; font-size:0;"">121</span>120+<span style=""color: green""> ðŸŸ¢</span>","31,801",300,27.4â–¼,0.3â–¼,â–¼,"1,549,153","14,591","7,115.1â–¼","<span style=""color:transparent; font-size:0;"">00000067.0</span>67.0â–¼",â–¼,"<span style=""color:transparent; font-size:0;"">0000037.8%</span>37.8%â–²",â–²,"6,154â–²","<span style=""color:transparent; font-size:0;"">0000057.96</span>57.96â–²",â–²,995.86â–²,9.38â–²,â–²,"76,024",716,"<span style=""color:transparent; font-size:0;"">000.94</span>0.94<span style=""color: green""> ðŸŸ¢</span>","<span style=""color:transparent; font-size:0;"">000000022%</span>22%","<span style=""color:transparent; font-size:0;"">000007,267</span>7,267","<span style=""color:transparent; font-size:0;"">000000062%</span>62%","<span style=""color:transparent; font-size:0;"">000000071%</span>71%","Not Achieved. More vaccinations needed.<span style=""color: red""> ðŸŸ¥</span>",3.16,34,"<a href=""/forecasts/GA"" target=""_top"">Georgia</a>",
34,VA,Virginia,51000,40,3,5,"8,535,519",6674775.858000001,8221.0,"<span style=""color:transparent; font-size:0;"">121</span>120+<span style=""color: green""> ðŸŸ¢</span>","15,787",185,14.3â–¼,0.2â–¼,â–¼,"1,483,281","17,378","7,724.1â–²","<span style=""color:transparent; font-size:0;"">00000090.5</span>90.5â–²",â–²,"<span style=""color:transparent; font-size:0;"">0000035.0%</span>35.0%â–²",â–²,"3,940â–²","<span style=""color:transparent; font-size:0;"">0000046.16</span>46.16â–²",â–²,757.21â–²,8.87â–²,â–²,"60,468",708,"<span style=""color:transparent; font-size:0;"">000.97</span>0.97<span style=""color: green""> ðŸŸ¢</span>","<span style=""color:transparent; font-size:0;"">000000014%</span>14%","<span style=""color:transparent; font-size:0;"">000008,179</span>8,179","<span style=""color:transparent; font-size:0;"">000000080%</span>80%","<span style=""color:transparent; font-size:0;"">000000082%</span>82%","<span style=""color:transparent; font-size:0;"">220204</span>February 04, 2022",5.26,35,"<a href=""/forecasts/VA"" target=""_top"">Virginia</a>",
35,NJ,New Jersey,34000,40,1,2,"8,882,190",6945872.58,12544.0,"<span style=""color:transparent; font-size:0;"">121</span>120+<span style=""color: green""> ðŸŸ¢</span>","29,737",335,52.6â–²,0.6â–²,â–²,"1,807,281","20,347","15,260.9â–¼","<span style=""color:transparent; font-size:0;"">00000171.8</span>171.8â–¼",â–¼,"<span style=""color:transparent; font-size:0;"">0000034.8%</span>34.8%â–²",â–²,"6,432â–²","<span style=""color:transparent; font-size:0;"">0000072.41</span>72.41â–²",â–²,969.50â–²,10.92â–²,â–²,"61,448",692,"<span style=""color:transparent; font-size:0;"">000.82</span>0.82<span style=""color: green""> ðŸŸ¢</span>","<span style=""color:transparent; font-size:0;"">000000012%</span>12%","<span style=""color:transparent; font-size:0;"">000012,015</span>12,015","<span style=""color:transparent; font-size:0;"">000000085%</span>85%","<span style=""color:transparent; font-size:0;"">000000084%</span>84%","<span style=""color:transparent; font-size:0;"">220120</span>January 20, 2022",4.90,36,"<a href=""/forecasts/NJ"" target=""_top"">New Jersey</a>",
36,NH,New Hampshire,33000,40,1,1,"1,359,711",1104085.332,1207.0,"<span style=""color:transparent; font-size:0;"">121</span>120+<span style=""color: green""> ðŸŸ¢</span>","2,032",149,5.1â–¼,0.4â–¼,â–¼,"187,553","13,794","1,146.8â–²","<span style=""color:transparent; font-size:0;"">00000084.3</span>84.3â–²",â–²,"<span style=""color:transparent; font-size:0;"">0000019.5%</span>19.5%â–²",â–²,453â–¼,"<span style=""color:transparent; font-size:0;"">0000033.32</span>33.32â–¼",â–¼,69.29â–²,5.10â–²,â–²,"9,258",681,"<span style=""color:transparent; font-size:0;"">001.08</span>1.08<span style=""color: #ffcc00""> â–¶</span>","<span style=""color:transparent; font-size:0;"">000000014%</span>14%","<span style=""color:transparent; font-size:0;"">0000000nan</span>nan","<span style=""color:transparent; font-size:0;"">000000nan%</span>nan%","<span style=""color:transparent; font-size:0;"">000000076%</span>76%","<span style=""color:transparent; font-size:0;"">220206</span>February 06, 2022",4.50,37,"<a href=""/forecasts/NH"" target=""_top"">New Hampshire</a>",
37,MT,Montana,30000,40,4,8,"1,068,778",840059.5079999999,1165.0,"<span style=""color:transparent; font-size:0;"">121</span>120+<span style=""color: green""> ðŸŸ¢</span>","2,933",274,1.9â–¼,0.2â–¼,â–¼,"218,301","20,425",441.4â–²,"<span style=""color:transparent; font-size:0;"">00000041.3</span>41.3â–²",â–²,"<span style=""color:transparent; font-size:0;"">0000022.0%</span>22.0%â–²",â–²,194â–²,"<span style=""color:transparent; font-size:0;"">0000018.15</span>18.15â–²",â–²,80.71â–²,7.55â–²,â–²,"6,893",645,"<span style=""color:transparent; font-size:0;"">001.30</span>1.30<span style=""color: red""> ðŸŸ¥</span>","<span style=""color:transparent; font-size:0;"">000000024%</span>24%","<span style=""color:transparent; font-size:0;"">0000000537</span>537","<span style=""color:transparent; font-size:0;"">000000063%</span>63%","<span style=""color:transparent; font-size:0;"">000000072%</span>72%","<span style=""color:transparent; font-size:0;"">220220</span>February 20, 2022",4.78,38,"<a href=""/forecasts/MT"" target=""_top"">Montana</a>",
38,MD,Maryland,24000,40,3,5,"6,045,680",4709584.720000001,5392.0,"<span style=""color:transparent; font-size:0;"">121</span>120+<span style=""color: green""> ðŸŸ¢</span>","12,480",206,51.6â–²,0.9â–²,â–²,"1,544,030","25,539","9,114.1â–¼","<span style=""color:transparent; font-size:0;"">00000150.8</span>150.8â–¼",â–¼,"<span style=""color:transparent; font-size:0;"">0000029.2%</span>29.2%â–²",â–²,"3,815â–²","<span style=""color:transparent; font-size:0;"">0000063.10</span>63.10â–²",â–²,640.29â–²,10.59â–²,â–²,"36,201",599,"<span style=""color:transparent; font-size:0;"">000.88</span>0.88<span style=""color: green""> ðŸŸ¢</span>","<span style=""color:transparent; font-size:0;"">000000012%</span>12%","<span style=""color:transparent; font-size:0;"">000006,089</span>6,089","<span style=""color:transparent; font-size:0;"">000000082%</span>82%","<span style=""color:transparent; font-size:0;"">000000085%</span>85%","<span style=""color:transparent; font-size:0;"">220124</span>January 24, 2022",5.57,39,"<a href=""/forecasts/MD"" target=""_top"">Maryland</a>",
39,ID,Idaho,16000,40,4,8,"1,787,065",1338511.685,1584.0,"<span style=""color:transparent; font-size:0;"">121</span>120+<span style=""color: green""> ðŸŸ¢</span>","4,260",238,7.0â–¶,0.4â–¶,â–¶,"436,495","24,425","1,334.2â–²","<span style=""color:transparent; font-size:0;"">00000074.7</span>74.7â–²",â–²,"<span style=""color:transparent; font-size:0;"">0000028.6%</span>28.6%â–²",â–²,363â–²,"<span style=""color:transparent; font-size:0;"">0000020.31</span>20.31â–²",â–²,50.79â–²,2.84â–²,â–²,"9,844",551,"<span style=""color:transparent; font-size:0;"">001.22</span>1.22<span style=""color: red""> ðŸŸ¥</span>","<span style=""color:transparent; font-size:0;"">000000025%</span>25%","<span style=""color:transparent; font-size:0;"">0000000nan</span>nan","<span style=""color:transparent; font-size:0;"">000000nan%</span>nan%","<span style=""color:transparent; font-size:0;"">000000060%</span>60%","<span style=""color:transparent; font-size:0;"">220320</span>March 20, 2022",3.00,40,"<a href=""/forecasts/ID"" target=""_top"">Idaho</a>",
40,AL,Alabama,01000,40,3,6,"4,903,185",3814677.93,5296.0,"<span style=""color:transparent; font-size:0;"">121</span>120+<span style=""color: green""> ðŸŸ¢</span>","16,681",340,3.5â–¼,0.1â–¼,â–¼,"892,833","18,209","3,716.4â–²","<span style=""color:transparent; font-size:0;"">00000075.8</span>75.8â–²",â–²,"<span style=""color:transparent; font-size:0;"">0000036.5%</span>36.5%â–²",â–²,"2,270â–²","<span style=""color:transparent; font-size:0;"">0000046.30</span>46.30â–²",â–²,377.36â–²,7.70â–²,â–²,"26,080",532,"<span style=""color:transparent; font-size:0;"">001.10</span>1.10<span style=""color: red""> ðŸŸ¥</span>","<span style=""color:transparent; font-size:0;"">000000021%</span>21%","<span style=""color:transparent; font-size:0;"">000003,268</span>3,268","<span style=""color:transparent; font-size:0;"">000000059%</span>59%","<span style=""color:transparent; font-size:0;"">000000069%</span>69%","<span style=""color:transparent; font-size:0;"">220325</span>March 25, 2022",3.54,41,"<a href=""/forecasts/AL"" target=""_top"">Alabama</a>",
41,TX,Texas,48000,40,3,7,"28,995,881",21601931.345,25804.0,"<span style=""color:transparent; font-size:0;"">121</span>120+<span style=""color: green""> ðŸŸ¢</span>","75,533",260,74.4â–²,0.3â–²,â–²,"5,299,313","18,276","24,102.9â–²","<span style=""color:transparent; font-size:0;"">00000083.1</span>83.1â–²",â–²,"<span style=""color:transparent; font-size:0;"">0000035.1%</span>35.1%â–²",â–²,"12,440â–²","<span style=""color:transparent; font-size:0;"">0000042.90</span>42.90â–²",â–²,"2,513.64â–²",8.67â–²,â–²,"153,162",528,"<span style=""color:transparent; font-size:0;"">000.96</span>0.96<span style=""color: green""> ðŸŸ¢</span>","<span style=""color:transparent; font-size:0;"">000000017%</span>17%","<span style=""color:transparent; font-size:0;"">000026,631</span>26,631","<span style=""color:transparent; font-size:0;"">000000068%</span>68%","<span style=""color:transparent; font-size:0;"">000000073%</span>73%","Not Achieved. More vaccinations needed.<span style=""color: red""> ðŸŸ¥</span>",3.42,42,"<a href=""/forecasts/TX"" target=""_top"">Texas</a>",
42,ME,Maine,23000,40,1,1,"1,344,212",1095532.78,1189.0,"<span style=""color:transparent; font-size:0;"">121</span>120+<span style=""color: green""> ðŸŸ¢</span>","1,626",121,6.8â–¶,0.5â–¶,â–¶,"155,609","11,576","1,196.6â–²","<span style=""color:transparent; font-size:0;"">00000089.0</span>89.0â–²",â–²,"<span style=""color:transparent; font-size:0;"">0000019.5%</span>19.5%â–²",â–²,467â–²,"<span style=""color:transparent; font-size:0;"">0000034.74</span>34.74â–²",â–²,53.93â–²,4.01â–²,â–²,"6,913",514,"<span style=""color:transparent; font-size:0;"">001.04</span>1.04<span style=""color: #ffcc00""> â–¶</span>","<span style=""color:transparent; font-size:0;"">000000012%</span>12%","<span style=""color:transparent; font-size:0;"">000001,337</span>1,337","<span style=""color:transparent; font-size:0;"">000000087%</span>87%","<span style=""color:transparent; font-size:0;"">000000087%</span>87%","<span style=""color:transparent; font-size:0;"">220109</span>January 09, 2022",7.56,43,"<a href=""/forecasts/ME"" target=""_top"">Maine</a>",
43,OH,Ohio,39000,40,2,3,"11,689,100",9105808.9,14633.0,"<span style=""color:transparent; font-size:0;"">121</span>120+<span style=""color: green""> ðŸŸ¢</span>","30,435",260,118.2â–²,1.0â–²,â–²,"1,853,177","15,854","9,045.1â–¼","<span style=""color:transparent; font-size:0;"">00000077.4</span>77.4â–¼",â–¼,"<span style=""color:transparent; font-size:0;"">0000028.6%</span>28.6%â–²",â–²,"7,139â–²","<span style=""color:transparent; font-size:0;"">0000061.07</span>61.07â–²",â–²,"1,350.21â–²",11.55â–²,â–²,"58,500",500,"<span style=""color:transparent; font-size:0;"">000.59</span>0.59<span style=""color: green""> ðŸŸ¢</span>","<span style=""color:transparent; font-size:0;"">000000021%</span>21%","<span style=""color:transparent; font-size:0;"">000008,077</span>8,077","<span style=""color:transparent; font-size:0;"">000000061%</span>61%","<span style=""color:transparent; font-size:0;"">000000074%</span>74%","<span style=""color:transparent; font-size:0;"">220215</span>February 15, 2022",2.26,44,"<a href=""/forecasts/OH"" target=""_top"">Ohio</a>",
44,CA,California,06000,40,4,9,"39,512,223",30621972.825,26517.0,"<span style=""color:transparent; font-size:0;"">121</span>120+<span style=""color: green""> ðŸŸ¢</span>","76,683",194,67.5â–¶,0.2â–¶,â–¶,"6,416,671","16,240","50,265.5â–²","<span style=""color:transparent; font-size:0;"">00000127.2</span>127.2â–²",â–²,"<span style=""color:transparent; font-size:0;"">0000021.5%</span>21.5%â–²",â–²,"13,537â–²","<span style=""color:transparent; font-size:0;"">0000034.26</span>34.26â–²",â–²,"2,139.57â–²",5.41â–²,â–²,"187,071",473,"<span style=""color:transparent; font-size:0;"">001.11</span>1.11<span style=""color: red""> ðŸŸ¥</span>","<span style=""color:transparent; font-size:0;"">000000011%</span>11%","<span style=""color:transparent; font-size:0;"">000051,392</span>51,392","<span style=""color:transparent; font-size:0;"">000000084%</span>84%","<span style=""color:transparent; font-size:0;"">000000085%</span>85%","<span style=""color:transparent; font-size:0;"">220205</span>February 05, 2022",6.70,45,"<a href=""/forecasts/CA"" target=""_top"">California</a>",
45,WV,West Virginia,54000,40,3,5,"1,792,147",1431925.4530000002,2089.0,"<span style=""color:transparent; font-size:0;"">121</span>120+<span style=""color: green""> ðŸŸ¢</span>","5,481",306,10.4â–¼,0.6â–¼,â–¼,"392,395","21,895","2,020.2â–²","<span style=""color:transparent; font-size:0;"">00000112.7</span>112.7â–²",â–²,"<span style=""color:transparent; font-size:0;"">0000022.9%</span>22.9%â–²",â–²,918â–²,"<span style=""color:transparent; font-size:0;"">0000051.22</span>51.22â–²",â–²,148.79â–²,8.30â–²,â–²,"8,091",451,"<span style=""color:transparent; font-size:0;"">001.13</span>1.13<span style=""color: red""> ðŸŸ¥</span>","<span style=""color:transparent; font-size:0;"">000000020%</span>20%","<span style=""color:transparent; font-size:0;"">0000000946</span>946","<span style=""color:transparent; font-size:0;"">000000063%</span>63%","<span style=""color:transparent; font-size:0;"">000000092%</span>92%","<span style=""color:transparent; font-size:0;"">220105</span>January 05, 2022",6.55,46,"<a href=""/forecasts/WV"" target=""_top"">West Virginia</a>",
46,LA,Louisiana,22000,40,3,7,"4,648,794",3560976.204,4679.0,"<span style=""color:transparent; font-size:0;"">121</span>120+<span style=""color: green""> ðŸŸ¢</span>","15,116",325,9.3â–²,0.2â–²,â–²,"927,380","19,949","3,980.9â–²","<span style=""color:transparent; font-size:0;"">00000085.6</span>85.6â–²",â–²,"<span style=""color:transparent; font-size:0;"">0000028.5%</span>28.5%â–²",â–²,"1,847â–²","<span style=""color:transparent; font-size:0;"">0000039.73</span>39.73â–²",â–²,339.79â–²,7.31â–²,â–²,"19,332",416,"<span style=""color:transparent; font-size:0;"">001.07</span>1.07<span style=""color: #ffcc00""> â–¶</span>","<span style=""color:transparent; font-size:0;"">000000023%</span>23%","<span style=""color:transparent; font-size:0;"">000002,988</span>2,988","<span style=""color:transparent; font-size:0;"">000000058%</span>58%","<span style=""color:transparent; font-size:0;"">000000062%</span>62%","Not Achieved. More vaccinations needed.<span style=""color: red""> ðŸŸ¥</span>",2.77,47,"<a href=""/forecasts/LA"" target=""_top"">Louisiana</a>",
47,OK,Oklahoma,40000,40,3,7,"3,956,971",3003340.9890000005,4212.0,"<span style=""color:transparent; font-size:0;"">028</span>28<span style=""color: red""> ðŸŸ¥</span>","11,740",297,13.2â–¼,0.3â–¼,â–¼,"702,047","17,742","3,231.4â–²","<span style=""color:transparent; font-size:0;"">00000081.7</span>81.7â–²",â–²,"<span style=""color:transparent; font-size:0;"">0000034.3%</span>34.3%â–²",â–²,"1,544â–²","<span style=""color:transparent; font-size:0;"">0000039.02</span>39.02â–²",â–²,348.21â–²,8.80â–²,â–²,"15,917",402,"<span style=""color:transparent; font-size:0;"">001.34</span>1.34<span style=""color: red""> ðŸŸ¥</span>","<span style=""color:transparent; font-size:0;"">000000021%</span>21%","<span style=""color:transparent; font-size:0;"">000004,119</span>4,119","<span style=""color:transparent; font-size:0;"">000000067%</span>67%","<span style=""color:transparent; font-size:0;"">000000081%</span>81%","<span style=""color:transparent; font-size:0;"">220220</span>February 20, 2022",7.01,48,"<a href=""/forecasts/OK"" target=""_top"">Oklahoma</a>",28.0
48,WY,Wyoming,56000,40,4,8,"578,759",445065.67100000003,872.0,"<span style=""color:transparent; font-size:0;"">121</span>120+<span style=""color: green""> ðŸŸ¢</span>","1,588",274,4.4â–²,0.8â–²,â–²,"94,444","16,318",347.6â–²,"<span style=""color:transparent; font-size:0;"">00000060.1</span>60.1â–²",â–²,"<span style=""color:transparent; font-size:0;"">0000018.4%</span>18.4%â–²",â–²,79â–¼,"<span style=""color:transparent; font-size:0;"">0000013.65</span>13.65â–¼",â–¼,21.86â–²,3.78â–²,â–²,"2,094",362,"<span style=""color:transparent; font-size:0;"">001.23</span>1.23<span style=""color: red""> ðŸŸ¥</span>","<span style=""color:transparent; font-size:0;"">000000031%</span>31%","<span style=""color:transparent; font-size:0;"">0000000328</span>328","<span style=""color:transparent; font-size:0;"">000000057%</span>57%","<span style=""color:transparent; font-size:0;"">000000069%</span>69%","<span style=""color:transparent; font-size:0;"">220324</span>March 24, 2022",3.87,49,"<a href=""/forecasts/WY"" target=""_top"">Wyoming</a>",
49,VT,Vermont,50000,40,1,1,"623,989",509799.01300000004,450.0,"<span style=""color:transparent; font-size:0;"">121</span>120+<span style=""color: green""> ðŸŸ¢</span>",465,75,1.1â–¼,0.2â–¼,â–¼,"105,323","16,879","1,136.8â–²","<span style=""color:transparent; font-size:0;"">00000182.2</span>182.2â–²",â–²,"<span style=""color:transparent; font-size:0;"">0000013.2%</span>13.2%â–²",â–²,108â–²,"<span style=""color:transparent; font-size:0;"">0000017.31</span>17.31â–²",â–²,26.64â–²,4.27â–²,â–²,"2,097",336,"<span style=""color:transparent; font-size:0;"">001.09</span>1.09<span style=""color: #ffcc00""> â–¶</span>","<span style=""color:transparent; font-size:0;"">000000007%</span>7%","<span style=""color:transparent; font-size:0;"">0000000615</span>615","<span style=""color:transparent; font-size:0;"">000000090%</span>90%","<span style=""color:transparent; font-size:0;"">000000086%</span>86%","<span style=""color:transparent; font-size:0;"">220117</span>January 17, 2022",7.43,50,"<a href=""/forecasts/VT"" target=""_top"">Vermont</a>",
50,WA,Washington,53000,40,4,9,"7,614,893",5954846.326,5110.0,"<span style=""color:transparent; font-size:0;"">121</span>120+<span style=""color: green""> ðŸŸ¢</span>","10,103",133,17.9â–²,0.2â–²,â–²,"794,547","10,434","6,753.5â–²","<span style=""color:transparent; font-size:0;"">00000088.7</span>88.7â–²",â–²,"<span style=""color:transparent; font-size:0;"">0000054.4%</span>54.4%â–²",â–²,"2,221â–²","<span style=""color:transparent; font-size:0;"">0000029.17</span>29.17â–²",â–²,383.50â–²,5.04â–²,â–²,"22,123",291,"<span style=""color:transparent; font-size:0;"">000.84</span>0.84<span style=""color: green""> ðŸŸ¢</span>","<span style=""color:transparent; font-size:0;"">000000011%</span>11%","<span style=""color:transparent; font-size:0;"">000006,117</span>6,117","<span style=""color:transparent; font-size:0;"">000000077%</span>77%","<span style=""color:transparent; font-size:0;"">000000081%</span>81%","Not Achieved. More vaccinations needed.<span style=""color: red""> ðŸŸ¥</span>",4.12,51,"<a href=""/forecasts/WA"" target=""_top"">Washington</a>",
